"time","PI.I.y","inertia1.phi","spring.phi_rel","spring.w_rel","inertia2.w","integrator.y"
0,-0.1,0,0.001,0,0,0
0.008,-0.1,0,0.001,0,0,0
0.016,-0.1,0,0.001,0,0,0
0.024,-0.1,0,0.001,0,0,0
0.032,-0.1,0,0.001,0,0,0
0.04,-0.1,0,0.001,0,0,0
0.048,-0.1,0,0.001,0,0,0
0.056,-0.1,0,0.001,0,0,0
0.064,-0.1,0,0.001,0,0,0
0.072,-0.1,0,0.001,0,0,0
0.08,-0.1,0,0.001,0,0,0
0.088,-0.1,0,0.001,0,0,0
0.096,-0.1,0,0.001,0,0,0
0.104,-0.1,0,0.001,0,0,0
0.112,-0.1,0,0.001,0,0,0
0.12,-0.1,0,0.001,0,0,0
0.128,-0.1,0,0.001,0,0,0
0.136,-0.1,0,0.001,0,0,0
0.144,-0.1,0,0.001,0,0,0
0.152,-0.1,0,0.001,0,0,0
0.16,-0.1,0,0.001,0,0,0
0.168,-0.1,0,0.001,0,0,0
0.176,-0.1,0,0.001,0,0,0
0.184,-0.1,0,0.001,0,0,0
0.192,-0.1,0,0.001,0,0,0
0.2,-0.1,0,0.001,0,0,0
0.208,-0.1,0,0.001,0,0,0
0.216,-0.1,0,0.001,0,0,0
0.224,-0.1,0,0.001,0,0,0
0.232,-0.1,0,0.001,0,0,0
0.24,-0.1,0,0.001,0,0,0
0.248,-0.1,0,0.001,0,0,0
0.256,-0.1,0,0.001,0,0,0
0.264,-0.1,0,0.001,0,0,0
0.272,-0.1,0,0.001,0,0,0
0.28,-0.1,0,0.001,0,0,0
0.288,-0.1,0,0.001,0,0,0
0.296,-0.1,0,0.001,0,0,0
0.304,-0.1,0,0.001,0,0,0
0.312,-0.1,0,0.001,0,0,0
0.32,-0.1,0,0.001,0,0,0
0.328,-0.1,0,0.001,0,0,0
0.336,-0.1,0,0.001,0,0,0
0.344,-0.1,0,0.001,0,0,0
0.352,-0.1,0,0.001,0,0,0
0.36,-0.1,0,0.001,0,0,0
0.368,-0.1,0,0.001,0,0,0
0.376,-0.1,0,0.001,0,0,0
0.384,-0.1,0,0.001,0,0,0
0.392,-0.1,0,0.001,0,0,0
0.4,-0.1,0,0.001,0,0,0
0.408,-0.1,0,0.001,0,0,0
0.416,-0.1,0,0.001,0,0,0
0.424,-0.1,0,0.001,0,0,0
0.432,-0.1,0,0.001,0,0,0
0.44,-0.1,0,0.001,0,0,0
0.448,-0.1,0,0.001,0,0,0
0.456,-0.1,0,0.001,0,0,0
0.464,-0.1,0,0.001,0,0,0
0.472,-0.1,0,0.001,0,0,0
0.48,-0.1,0,0.001,0,0,0
0.488,-0.1,0,0.001,0,0,0
0.496,-0.1,0,0.001,0,0,0
0.5000000001500057,-0.1,0,0.001,0,0,0
0.5000000001500057,-0.1,0,0.001,0,0,0
0.504,-0.09992889782686432,8.897944473529304e-7,9.991586369599479e-4,-5.811959662615497e-4,4.653056123287788e-5,0.0039999998499942015
0.512,-0.09945487856828177,1.7487867613111035e-5,9.856484593665843e-4,-0.0027847366346419053,9.656352387726844e-4,0.0119999998499942
0.52,-0.09862859313104917,6.285932266043574e-5,9.570268946975345e-4,-0.004170691192961847,0.0035062327843829325,0.019999999849994413
0.528,-0.09749786205718199,1.4178621397535734e-4,9.218291310320707e-4,-0.004483949830111507,0.007681128457368746,0.027999999849994312
0.536,-0.09611472519729188,2.5947252677733807e-4,8.870421437913915e-4,-0.004140899014373318,0.013252654303306893,0.0359999998499942
0.544,-0.09454325212415327,4.2232521826379347e-4,8.563051279335389e-4,-0.0035214303738221224,0.01993955209379607,0.04399999984999409
0.552,-0.09284997753350818,6.369977579989939e-4,8.308440559429322e-4,-0.0028463213494143453,0.027487744317240735,0.05199999984999401
0.56,-0.09109536481465991,9.095364849131691e-4,8.106254306118042e-4,-0.0022187063526533327,0.03568552504853149,0.059999999849994046
0.568,-0.08932982850359428,0.0012449828526051269,7.950963424725627e-4,-0.0016768058542591517,0.04436150148678059,0.06799999984999394
0.576,-0.08759312535622325,0.001647312536668378,7.835375427834965e-4,-0.0012265353468996424,0.05337854877165947,0.07599999984999395
0.584,-0.08591511370767288,0.002119511370614021,7.752387217303736e-4,-8.60763251613486e-4,0.06262764236448354,0.08399999984999396
0.592,-0.0843171133217085,0.0026637113308175544,7.695665805818301e-4,-5.680132703659566e-4,0.07202287916551744,0.09199999984999396
0.6,-0.08281339352474135,0.003281339349920747,7.659840008519402e-4,-3.367994410950108e-4,0.08149714890168644,0.09999999984999397
0.608,-0.08141261295139518,0.003973261291386205,7.640407760265192e-4,-1.5674815895244524e-4,0.09099863954164113,0.10799999984999398
0.616,-0.08011902079123077,0.0047399020741697336,7.633639522763907e-4,-1.879167686682312e-5,0.10048809148449259,0.11599999984999398
0.624,-0.07893344680755061,0.0055813446746015875,7.636484007711886e-4,8.476774195803785e-5,0.10993649157171995,0.12399999984999399
0.632,-0.07785424767890593,0.006497424760536811,7.646454469369514e-4,1.604078713907405e-4,0.11932290420712066,0.131999999849994
0.64,-0.0768778512435553,0.007487785115801524,7.661544710201325e-4,2.13468669717279e-4,0.12863307538295804,0.139999999849994
0.648,-0.07599939993302467,0.008551939983548392,7.680137830822408e-4,2.4846138695200836e-4,0.13785793700043178,0.147999999849994
0.656,-0.07521316755989789,0.009689316745035724,7.70093976524555e-4,2.6922423107877296e-4,0.14699252378022767,0.15599999984999402
0.664,-0.07451284547817284,0.010899284535663223,7.722939935218341e-4,2.7896900956923614e-4,0.15603515956633052,0.16399999984999403
0.672,-0.07389185892131218,0.012181185878777126,7.745362710748959e-4,2.802803809485493e-4,0.16498657225959454,0.17199999984999403
0.68,-0.07334357628860777,0.013534357614306613,7.767621176246073e-4,2.7524402042650945e-4,0.17384927649968246,0.17999999984999404
0.688,-0.07286148882297976,0.014958148866543718,7.789280173961216e-4,2.6552226985770934e-4,0.18262701633367245,0.18799999984999394
0.696,-0.07243929908250354,0.01645192989129604,7.810022839119168e-4,2.524920545193482e-4,0.191324437700477,0.19599999984999394
0.704,-0.07207100465244133,0.018015100447089778,7.82963030682067e-4,2.37293706406907e-4,0.1999467620322028,0.20399999984999395
0.712,-0.071750952986344,0.019647095279280012,7.847964787345212e-4,2.2082090605436648e-4,0.208499516893283,0.21199999984999396
0.72,-0.07147387665896235,0.021347387645341803,7.864951600903712e-4,2.0376364667449323e-4,0.21698833475160365,0.21999999984999397
0.728,-0.07123490957255671,0.023115490935501182,7.880566297648556e-4,1.8661989039930318e-4,0.22541879754012475,0.22799999984999397
0.736,-0.07102959050163196,0.024950959027208654,7.894819353738813e-4,1.6976309517795362e-4,0.2337963405998448,0.23599999984999398
0.744,-0.07085386011481823,0.026853385987327238,7.907746321308616e-4,1.5348549930178145e-4,0.24212616974989068,0.243999999849994
0.752,-0.07070404487273013,0.028822404461918385,7.919402264252733e-4,1.379981673813846e-4,0.25041320922075055,0.251999999849994
0.76,-0.0705768408158099,0.030857684055026313,7.929854971904429e-4,1.2345145376299542e-4,0.25866205996401664,0.259999999849994
0.768,-0.07046928572268162,0.03295892854451344,7.939183348086444e-4,1.0992182699821795e-4,0.2668769957796492,0.267999999849994
0.776,-0.07037873899909801,0.03512587387095504,7.947471646722404e-4,9.744460633371736e-5,0.27506196438555985,0.275999999849994
0.784,-0.07030286048185616,0.037358286018030824,7.954805550664664e-4,8.600847506154648e-5,0.2832205534116001,0.283999999849994
0.792,-0.07023958804609234,0.03965595877325439,7.961269646377327e-4,7.559233665792417e-5,0.29135600364821346,0.29199999984999403
0.8,-0.07018711475378647,0.04201871144282376,7.966942066386905e-4,6.615633637337239e-5,0.29947118478147067,0.29999999984999404
0.808,-0.0701438595027661,0.04444638591652167,7.971896575890139e-4,5.765500798379456e-5,0.30756866263956767,0.30799999984999404
0.816,-0.07010842389944076,0.04693884235498904,7.976213605306672e-4,5.002735501079635e-5,0.3156508869455182,0.31599999984999394
0.824,-0.07007960354116843,0.04949596031796176,7.979952535665026e-4,4.3245820335815705e-5,0.32371986756651844,0.32399999984999395
0.832,-0.07005636044989036,0.0521176360076339,7.983180339783499e-4,3.7236213944557505e-5,0.33177745684788046,0.33199999984999395
0.84,-0.07003778735073511,0.05480377869651833,7.985955490468715e-4,3.1941998931374025e-5,0.33982528428744235,0.33999999984999396
0.848,-0.07002309195586308,0.057554309155831075,7.988328013152338e-4,2.7323405752660697e-5,0.3478647752752844,0.34799999984999397
0.856,-0.07001163475729337,0.060369163434774074,7.990352861912191e-4,2.3285393388036893e-5,0.35589718679440535,0.355999999849994
0.864,-0.07000281877746624,0.06324828183559131,7.992073230778756e-4,1.9773259761117203e-5,0.3639236240249405,0.363999999849994
0.872,-0.06999616894984746,0.06619161685162939,7.993529746291542e-4,1.6725773445260336e-5,0.37194502796114454,0.371999999849994
0.88,-0.06999129155164642,0.06919912911060924,7.99475839108928e-4,1.4086245832137467e-5,0.37996220324440033,0.379999999849994
0.888,-0.06998782129779695,0.07227078208402424,7.995790883539975e-4,1.1796020433983104e-5,0.3879758658256828,0.387999999849994
0.896,-0.0699855013495829,0.0754065500880028,7.996654897788936e-4,9.821971553917825e-6,0.3959865928794046,0.395999999849994
0.904,-0.06998407875205136,0.07860640782704961,7.997373235296287e-4,8.12924661290636e-6,0.40399490123814336,0.403999999849994
0.912,-0.06998335764137081,0.08187033571478151,7.99796643461625e-4,6.687788068264457e-6,0.41200122029087743,0.411999999849994
0.92,-0.06998318738231812,0.08519831868767619,7.998454156841217e-4,5.461781249990615e-6,0.4200059079630943,0.41999999984999403
0.928,-0.06998341963997629,0.08859034191224197,7.998850700864766e-4,4.4390907407674104e-6,0.42800928586400516,0.42799999984999404
0.936,-0.06998396169764722,0.092046396116809,7.999171053273581e-4,3.583042727389926e-6,0.43601159487090824,0.43599999984999405
0.944,-0.06998471624212052,0.09556647157005622,7.999427786348153e-4,2.8703537846980163e-6,0.44401306429480464,0.44399999984999394
0.952,-0.06998560616540753,0.0991505605611849,7.999631989138603e-4,2.277545888581486e-6,0.4520138839638413,0.45199999984999395
0.96,-0.06998659041993253,0.10279865898543736,7.999791820853258e-4,1.7887857676324385e-6,0.46001418237700675,0.45999999984999396
0.968,-0.0699876112520846,0.10651076106745251,7.999916415856148e-4,1.3791568610183194e-6,0.46801410409973887,0.46799999984999396
0.976,-0.06998864182960479,0.11028686412400446,8.000011699492295e-4,1.0388767102922259e-6,0.4760137392028938,0.47599999984999397
0.984,-0.06998965835300137,0.11412696577514408,8.000082778736413e-4,7.597500446006536e-7,0.4840131673614177,0.483999999849994
0.992,-0.06999063778697655,0.11803106371734164,8.000134240727274e-4,5.336989021400616e-7,0.49201246183185793,0.4919999998499941
1,-0.06999157416681666,0.12199915735412559,8.00016994912721e-4,3.5047354810359773e-7,0.5000116618491928,0.4999999998499941
1.008,-0.06999245519951415,0.1260312454561953,8.000192719104245e-4,2.0910047148590148e-7,0.5080108143699826,0.5079999998499941
1.016,-0.06999327687590727,0.13012732762263457,8.000205211225275e-4,1.0297675259702495e-7,0.5160099480719117,0.5159999998499941
1.024,-0.06999403794246888,0.13428740372809067,8.00020991726371e-4,2.29516768229546e-8,0.5240090834289112,0.5239999998499941
1.032,-0.06999473420220949,0.1385114733528647,8.000208996014379e-4,-3.663993699988451e-8,0.5320082430847045,0.5319999998499941
1.04,-0.06999537091666097,0.14279953702310982,8.000203446413826e-4,-7.792764759198493e-8,0.5400074326274796,0.5399999998499941
1.048,-0.06999594655595166,0.14715159458583885,8.00019505484953e-4,-1.0868324929831508e-7,0.5480066659688951,0.5479999998499941
1.056,-0.06999646435206722,0.15156764636425032,8.000184810351422e-4,-1.326225519671613e-7,0.556005947367064,0.5559999998499942
1.064,-0.06999693248622774,0.15604769317646636,8.000172862441355e-4,-1.483425220072165e-7,0.5640052708283814,0.5639999998499942
1.072,-0.06999735443391547,0.16059173537003507,8.000159785784084e-4,-1.5774501905775434e-7,0.572004637920566,0.5719999998499942
1.08,-0.06999773572838049,0.16519977349828152,8.000145656525448e-4,-1.592143125372829e-7,0.5800040458418151,0.5799999998499942
1.088,-0.06999808192194969,0.1698718081164384,8.0001303018185e-4,-1.4896832976677064e-7,0.5880034914361109,0.5879999998499942
1.096,-0.06999839139851635,0.174607839062895,8.000114748312694e-4,-1.3082110250369145e-7,0.596002984605362,0.5959999998499942
1.104,-0.06999865333244971,0.17940786525508834,8.000101946030287e-4,-1.2386228608468808e-7,0.6040025498842457,0.6039999998499942
1.112,-0.06999887744376156,0.18427188766501948,8.000090487972884e-4,-1.1758499852608631e-7,0.6120021729450722,0.6119999998499942
1.12,-0.06999906429504008,0.1891999063489473,8.000080635838889e-4,-1.128533709987859e-7,0.620001855740978,0.6199999998499942
1.128,-0.06999921404613994,0.1941919213228571,8.000072575226482e-4,-1.1031802287906429e-7,0.6280016000298223,0.627999999849994
1.136,-0.06999933164878225,0.19924793308192126,8.000065818504186e-4,-1.0867294782912462e-7,0.6360013955660393,0.635999999849994
1.144,-0.06999944169230005,0.20436794408507297,8.000057947760514e-4,-1.009542699869594e-7,0.6440011904331493,0.643999999849994
1.152,-0.06999953355393973,0.20955195327003692,8.000050740364521e-4,-9.243437729652496e-8,0.652001014096662,0.651999999849994
1.16,-0.06999961068107147,0.21479996098155008,8.000044189250597e-4,-8.318840217122961e-8,0.6600008625224947,0.659999999849994
1.168,-0.06999967652106547,0.2201119675643494,8.000038287353128e-4,-7.329147702448166e-8,0.6680007316765637,0.667999999849994
1.176,-0.06999973394684049,0.22548797330572684,8.000033023622601e-4,-6.29292040324873e-8,0.6760006179978149,0.675999999849994
1.184,-0.0699997754851835,0.2309279774583611,8.000028315257472e-4,-5.427679613319899e-8,0.6840005264446463,0.683999999849994
1.192,-0.06999980979216577,0.2364319808878593,8.000024191315281e-4,-4.640772753843976e-8,0.692000448693905,0.691999999849994
1.2,-0.06999983930241253,0.2419999838376839,8.00002063770687e-4,-3.959188638450434e-8,0.7000003815454457,0.6999999998499941
1.208,-0.0699998664505489,0.2476319865512975,8.000017640343094e-4,-3.409916080768746e-8,0.708000321799124,0.7079999998499941
1.216,-0.06999989367120013,0.25332798927216255,8.000015185134795e-4,-3.019943894428384e-8,0.7160002662547945,0.7159999998499941
1.224,-0.06999990562133672,0.2590879904659762,8.000013013602313e-4,-2.5249478189149177e-8,0.7240002324167708,0.7239999998499941
1.232,-0.06999991096659322,0.26491199099930185,8.000011197314562e-4,-2.054020939936137e-8,0.7320002098280636,0.7319999998499941
1.24,-0.0699999116244047,0.2707999910638829,8.00000971507255e-4,-1.625677149195942e-8,0.740000195890865,0.7399999998499941
1.248,-0.06999990832139742,0.2767519907323822,8.000008529307154e-4,-1.2389171800154341e-8,0.7480001893942237,0.7479999998499941
1.256,-0.06999990178419757,0.2827679900774621,8.000007602449255e-4,-8.927417657157152e-9,0.7560001891271878,0.7559999998499941
1.264,-0.06999989273943143,0.28884798917178545,8.000006896929738e-4,-5.861516396178853e-9,0.7640001938788064,0.7639999998499941
1.272,-0.06999988191372515,0.2949919880880147,8.00000637517948e-4,-3.1814753504304704e-9,0.7720002024381273,0.7719999998499941
1.28,-0.06999987003370503,0.3011999868988127,8.000005999629362e-4,-8.773018531230136e-10,0.7800002135941994,0.7799999998499941
1.288,-0.06999985782599727,0.3074719856768419,8.000005732710269e-4,1.0609967625325034e-9,0.788000226136071,0.7879999998499941
1.296,-0.06999984601722808,0.3138079844947649,8.000005536853078e-4,2.6434131633250656e-9,0.7960002388527908,0.7959999998499941
1.304,-0.06999983312915325,0.3202079832047574,8.000005571645103e-4,3.823471962063101e-9,0.8040002548259275,0.8039999998499942
1.312,-0.06999981989396808,0.3266719818800388,8.000005799019244e-4,4.611308452724385e-9,0.8120002728336874,0.8119999998499942
1.32,-0.06999980801762887,0.3331999806912049,8.000006093836059e-4,5.041996531860301e-9,0.8200002897585243,0.8199999998499942
1.328,-0.0699997981072079,0.3397919796989628,8.000006429216774e-4,5.122467019379051e-9,0.8280003046222388,0.8279999998499942
1.336,-0.06999979076977755,0.3464479789640197,8.000006778282609e-4,4.859650735188832e-9,0.8360003164466309,0.8359999998499942
1.344,-0.06999978661241014,0.3531679785470829,8.00000711415479e-4,4.260478499197845e-9,0.8440003242535009,0.8439999998499942
1.352,-0.06999978624217801,0.3599519785088596,8.000007409954535e-4,3.331881131314289e-9,0.852000327064649,0.8519999998499942
1.36,-0.0699997902661535,0.3667999789100571,8.000007638803071e-4,2.08078945144636e-9,0.8600003239018756,0.8599999998499942
1.368,-0.06999979929140893,0.37371197981138266,8.000007773821622e-4,5.1413427950226e-10,0.8680003137869811,0.8679999998499942
1.376,-0.06999981392501664,0.38068798127354314,8.000007788131405e-4,-1.3611535646097571e-9,0.8760002957417652,0.875999999849994
1.384,-0.06999982703084347,0.38772798258292585,8.00000787033124e-4,-3.241720226360044e-9,0.8840002801847723,0.883999999849994
1.392,-0.06999982766927211,0.3948319826455686,8.000008314863143e-4,-4.678608027413585e-9,0.8920002831326582,0.891999999849994
1.4,-0.06999982864761387,0.4019999827422028,8.0000087553406e-4,-6.131931983311939e-9,0.9000002856504487,0.899999999849994
1.408,-0.06999982996338716,0.40923198287258,8.000009181847476e-4,-7.57142651551336e-9,0.9080002876571086,0.907999999849994
1.416,-0.06999983161411037,0.41652798303645233,8.000009584467635e-4,-8.966826045476101e-9,0.9160002890716029,0.915999999849994
1.424,-0.06999983359730189,0.42388798323357146,8.00000995328494e-4,-1.0287864994658424e-8,0.9240002898128963,0.923999999849994
1.432,-0.06999983591048012,0.4313119834636892,8.000010278383259e-4,-1.1504277784518581e-8,0.9320002897999538,0.931999999849994
1.44,-0.06999983855116337,0.4387999837265574,8.000010549846451e-4,-1.2585798836514829e-8,0.9400002889517404,0.939999999849994
1.448,-0.06999984151687012,0.4463519840219281,8.000010757758387e-4,-1.3502162572105431e-8,0.9480002871872207,0.9479999998499941
1.456,-0.06999984480511871,0.453967984349553,8.000010892202926e-4,-1.4223103412748634e-8,0.9560002844253598,0.9559999998499941
1.464,-0.06999984841342755,0.4616479847091838,8.000010943263932e-4,-1.4718355779902698e-8,0.9640002805851225,0.9639999998499941
1.472,-0.06999985233931498,0.4693919851005725,8.000010901025275e-4,-1.495765409502588e-8,0.9720002755854737,0.9719999998499941
1.48,-0.06999985658029943,0.4771999855234709,8.000010755570814e-4,-1.4910732779576435e-8,0.9800002693453783,0.9799999998499941
1.488,-0.06999986113389928,0.48507198597763085,8.000010496984414e-4,-1.4547326255012622e-8,0.9880002617838013,0.9879999998499941
1.496,-0.06999986599763292,0.49300798646280414,8.000010115349939e-4,-1.3837168942792693e-8,0.9960002528197073,0.9959999998499941
1.500000000300004,-0.06999986854209854,0.49699998701665477,8.00000992671388e-4,-1.3501704303823297e-8,1.0000002485134343,1.000000000149998
1.500000000300004,-0.06999986854209854,0.49699998701665477,8.00000992671388e-4,-1.3501704303823297e-8,1.0000002485134343,1.000000000149998
1.504,-0.07007096530252727,0.5010070963932937,8.008433532680682e-4,5.80766678685234e-4,1.0039536057326828,1.000000000149998
1.512,-0.07054496837694374,0.5090544967019359,8.143568479524229e-4,0.0027828925720621246,1.0110340994066107,1.000000000149998
1.52,-0.07137126543168586,0.5171371264086105,8.429796433720882e-4,0.004168563967522817,1.0164933990408724,1.000000000149998
1.528,-0.07250203215678394,0.5252502030823207,8.781746360893554e-4,0.004482415671332503,1.0203186077781297,1.000000000149998
1.536,-0.0738852184745694,0.533388521715299,9.129566110387496e-4,0.0041402392812719775,1.022747231703371,1.000000000149998
1.544,-0.07545669720245794,0.5415456695892877,9.436932620927158e-4,0.0035215249745609964,1.0240605775888478,1.000000000149998
1.552,-0.07714993481440666,0.5497149933516823,9.691614290397443e-4,0.0028459477903991174,1.0245123765350561,1.000000000149998
1.56,-0.07890463618236972,0.5578904634896784,9.893702705356586e-4,0.0022189789126047734,1.0243145355505086,1.000000000149998
1.568,-0.0806701903510261,0.5660670189077442,0.0010048906614540693,0.001678066608578789,1.0236387640803701,1.000000000149998
1.576,-0.08240679708549205,0.574240679582391,0.0010164494232473421,0.0012280894607744092,1.0226220061716662,1.000000000149998
1.584,-0.08408467860495532,0.5824084677355372,0.001024753978264236,8.618930635254108e-4,1.0213730938120147,1.000000000149998
1.592,-0.08568249909279939,0.5905682497855219,0.0010304308265095129,5.688105730138799e-4,1.0199781722814125,1.000000000149998
1.6,-0.08718597955872535,0.5987185978333145,0.001034015656739023,3.376203817709577e-4,1.018504447989584,1.000000000149998
1.608,-0.08858666920506413,0.6068586667991481,0.001035963554435148,1.571508377091568e-4,1.0170030831039298,1.000000000149998
1.616,-0.08988032835151243,0.6149880327149929,0.0010366431200751834,1.8760271959123695e-5,1.015513403337859,1.000000000149998
1.624,-0.09106596386732184,0.6231065962677736,0.0010363585614909289,-8.49175898085152e-5,1.0140648501723677,1.000000000149998
1.632,-0.09214518570771808,0.6312145184530129,0.0010353604041794437,-1.6044195021218594e-4,1.0126784313248438,1.000000000149998
1.64,-0.09312156804614864,0.639312156688056,0.001033851492057241,-2.134477204806538e-4,1.0113683191923586,1.000000000149998
1.648,-0.09400003243376057,0.6474000031280173,0.001031993247910932,-2.4853186982099433e-4,1.010143420622028,1.000000000149998
1.656,-0.0947864107568846,0.6554786409615294,0.001029913379023717,-2.694926826966882e-4,1.0090084810579327,1.000000000149998
1.664,-0.09548698654335415,0.6635486985413765,0.0010277126951518155,-2.7944839383249045e-4,1.0079652616943415,1.000000000149998
1.672,-0.09610824950358517,0.6716108248385997,0.001025467381802773,-2.8072288408950507e-4,1.0070132573207298,1.000000000149998
1.68,-0.09665671700152564,0.6796656715895937,0.0010232372383417053,-2.7539216833744306e-4,1.0061501987671966,1.000000000149998
1.688,-0.09713896407808635,0.6877138962984499,0.0010210682263704703,-2.654722298521838e-4,1.0053721258508987,1.000000000149998
1.696,-0.09756125126131378,0.6957561250179726,0.0010189915722845406,-2.5228604877048353e-4,1.0046744692029044,1.000000000149998
1.704,-0.09792952812830942,0.7037929527058723,0.0010170306945627631,-2.3709473844571918e-4,1.0040521162023168,1.000000000149998
1.712,-0.09824955080365934,0.7118249549746072,0.0010151974892338297,-2.2068402546657643e-4,1.0034993404275778,1.000000000149998
1.72,-0.09852659194666329,0.7198526590901076,0.0010134991180153867,-2.0369717648451087e-4,1.0030105224352346,1.000000000149998
1.728,-0.09876551225817243,0.7278765511224586,0.001011937755233256,-1.8657096631161156e-4,1.002580112153247,1.000000000149998
1.736,-0.09897080768656644,0.7358970806664981,0.0010105120758694371,-1.6969592933550334e-4,1.0022025829544143,1.000000000149998
1.744,-0.09914650560681199,0.7439146504597228,0.0010092190506034134,-1.5337019671887885e-4,1.0018728099512382,1.000000000149998
1.752,-0.0992962842550961,0.751929628325751,0.0010080533140660749,-1.3784260523155395e-4,1.0015858395370045,1.000000000149998
1.7533141376408368,-0.09931863907635351,0.7532460014489107,0.0010078736458509975,-1.3538663378399881e-4,1.0015424779615243,1.000000000149998
1.7533141376408368,-0.09931863907635351,0.7532460014489107,0.0010078736458509975,-1.3538663378399881e-4,1.0015424779615243,1.000000000149998
1.76,-0.09942348546353189,0.7599423484477946,0.0010070089405846102,-1.2333000343130813e-4,1.0013370554313774,1.000000000149998
1.768,-0.0995312665000799,0.7679531265526494,0.001006076042567391,-1.0982103217026571e-4,1.0011218397340322,1.000000000149998
1.776,-0.09962242805775244,0.7759622427096164,0.0010052455082910675,-9.73435743757782e-5,1.0009359941312048,1.000000000149998
1.784,-0.09969880126838732,0.78396988003188,0.001004510599412155,-8.589957298817142e-5,1.0007766987402211,1.000000000149998
1.792,-0.09976254276046638,0.7919762541822879,0.0010038626894525063,-7.54736968776417e-5,1.0006405696541292,1.000000000149998
1.8,-0.09981537146087502,0.7999815370535287,0.0010032942027604398,-6.60357882054674e-5,1.0005248460111664,1.000000000149998
1.808,-0.09985883552497585,0.8079858834611388,0.0010027977156746913,-5.754325557005605e-5,1.0004269864228952,1.000000000149998
1.816,-0.09989417048306282,0.8159894169581475,0.001002366614977382,-4.9944457096415096e-5,1.0003448996507502,1.000000000149998
1.824,-0.09992256412052693,0.8239922563230938,0.0010019945232141053,-4.318925180211633e-5,1.000276573429834,1.000000000149998
1.832,-0.09994532181529828,0.831994532093771,0.0010016738415560631,-3.720752575704435e-5,1.0002197420288663,1.000000000149998
1.84,-0.0999635308480452,0.8399963529982457,0.0010013982059262697,-3.193998709724017e-5,1.0001725150944283,1.000000000149998
1.848,-0.09997793497336842,0.847997793411978,0.0010011620948618498,-2.731634459467951e-5,1.0001334922084768,1.000000000149998
1.856,-0.09998929856416688,0.8559989297722578,0.0010009602084787592,-2.3273992279239477e-5,1.0001012684078276,1.000000000149998
1.864,-0.09999809331155676,0.8639998092481967,0.0010007882661837223,-1.974868141290798e-5,1.0000748837620281,1.000000000149998
1.872,-0.10000473504335841,0.872000473422577,0.0010006426183822256,-1.6687006931123218e-5,1.0000535033318867,1.000000000149998
1.88,-0.10000964286488472,0.8800009642059292,0.0010005195064991454,-1.403308480256803e-5,1.0000362782459171,1.000000000149998
1.888,-0.10001306100566866,0.8880013060212077,0.0010004164545039053,-1.1747164968441598e-5,1.0000226874746185,1.000000000149998
1.896,-0.10001535047937118,0.8960015349697779,0.001000330176864659,-9.779904540707324e-6,1.0000119953890065,1.000000000149998
1.904,-0.1000167022291518,0.904001670145956,0.0010002586859436363,-8.098888837876741e-6,1.0000037899003449,1.000000000149998
1.912,-0.10001733885624535,0.9120017338098655,0.0010001997245922068,-6.6678457634533295e-6,0.9999975961222144,1.000000000149998
1.92,-0.1000174367385739,0.9200017435992982,0.0010001513609457866,-5.454399868777328e-6,0.9999930245812105,1.000000000149998
1.928,-0.1000171401796848,0.9280017139446093,0.0010001119236643064,-4.429775350564839e-6,0.9999897482608548,1.000000000149998
1.936,-0.10001656726075601,0.9360016566539164,0.0010000799265915158,-3.567431122860485e-6,0.9999874886489779,1.000000000149998
1.944,-0.10001580027844828,0.9440015799568857,0.001000054150981454,-2.844239957463111e-6,0.9999860347902753,1.000000000149998
1.952,-0.1000149004306757,0.9520014899733084,0.0010000335666370292,-2.2398722305224933e-6,0.9999852184004668,1.000000000149998
1.96,-0.10001395601102454,0.9600013955325433,0.0010000171790386517,-1.737428184880549e-6,0.9999848419884859,1.000000000149998
1.968,-0.10001297294196626,0.9680012972268374,0.0010000043932248072,-1.3224192165780374e-6,0.9999848436560321,1.000000000149998
1.976,-0.10001195256031932,0.9760011951898727,9.999947552239612e-4,-9.83491757429931e-7,0.9999851799934739,1.000000000149998
1.984,-0.10001095337365247,0.9840010952724061,9.999874829426578e-4,-7.063431447865526e-7,0.9999857087834998,1.000000000149998
1.992,-0.10001001085895071,0.992001001022136,9.999819945255577e-4,-4.795819810304416e-7,0.9999863338754726,1.000000000149998
2,-0.10000908737139406,1.0000009086745802,9.999782383524362e-4,-2.9838832910438224e-7,0.9999870956693762,1.000000000149998
2.008,-0.10000816663958943,1.0080008166025998,9.999760672462854e-4,-1.5752535936817156e-7,0.9999880001229654,1.000000000149998
2.016,-0.10000734373339448,1.0160007343131803,9.999745876709011e-4,-4.3278815710664055e-8,0.9999888509278193,1.000000000149998
2.024,-0.10000656701924458,1.0240006566429654,9.999739864229307e-4,4.444551496970625e-8,0.9999897272122675,1.000000000149998
2.032,-0.10000582527938903,1.0320005824701795,9.999742060192898e-4,1.081456236218039e-7,0.999990637138554,1.000000000149998
2.04,-0.100005127197829,1.0400005126632237,9.999751014752062e-4,1.506806709370492e-7,0.9999915569434943,1.000000000149998
2.048,-0.10000449497865498,1.0480004494425064,9.999763590881586e-4,1.7791382847899692e-7,0.9999924311081733,1.000000000149998
2.056,-0.10000391719304078,1.0560003916651448,9.999778799388978e-4,1.9340875083579338e-7,0.9999932642304085,1.000000000149998
2.064,-0.10000339555771035,1.0640003395028117,9.999794959987623e-4,2.012532425228749e-7,0.999994038778329,1.000000000149998
2.070796327151994,-0.10000297723600107,1.0707966248236542,9.999806416020466e-4,2.11349345841631e-7,0.9999946460647541,1.000000000149998
2.070796327151994,-0.10000297723600107,1.0707966248236542,9.999806416020466e-4,2.11349345841631e-7,0.9999946460647541,1.000000000149998
2.072,-0.10000985968662837,1.0720002614906476,0.001000009890455044,6.549568093655312e-5,0.9999932461118709,0.9987963273019923
2.08,-0.10033866402569659,1.0799915125438049,0.0010075496211829258,0.0020428583298075314,0.9995196690712187,0.9907963273019929
2.088,-0.10104791712875313,1.0879568084725277,0.0010317473734312499,0.003823673825099919,0.997571798829369,0.9827963273019928
2.096,-0.10207699202319714,1.0958900865803882,0.0010656252490185935,0.004471690230947138,0.993947534360646,0.9747963273019928
2.104,-0.10325813427882322,1.1037866974765433,0.001101054488468965,0.004199580861091417,0.9888373662953744,0.9667963273019925
2.112,-0.10255988073993122,1.1116470832838807,0.001127725989921061,0.0023194764676419126,0.9828773448346901,0.9587963273019934
2.12,-0.10027755771713508,1.1194752947250104,0.0011386590648696914,5.542796559825341e-4,0.9769556141401428,0.9507963273019936
2.128,-0.09752242053840181,1.1272677722960025,0.0011391929691278839,-2.621521081552554e-4,0.9713501385288729,0.9427963273019938
2.136,-0.09483810222557713,1.1350198427864224,0.0011363375032524261,-3.725366938304563e-4,0.965980010104047,0.9347963273019947
2.144,-0.09233395380851865,1.142728947755306,0.0011339303181739117,-2.1412082940215814e-4,0.960699482079563,0.9267963273019953
2.152,-0.08994358881547061,1.1503944714414762,0.0011328950570114592,-5.582532860218465e-5,0.9554189139141158,0.918796327301996
2.16,-0.08758509813932756,1.1580166976917183,0.0011328059502687265,2.087077956036295e-5,0.9501111459362569,0.910796327301996
2.168,-0.08521667186449267,1.1655960316729683,0.0011330552461521625,3.343255953514001e-5,0.9447819999214941,0.902796327301996
2.176,-0.08282928165778257,1.1731327140159316,0.0011332820002849819,1.9216964273241127e-5,0.939443928119636,0.894796327301996
2.184,-0.08042895969360446,1.1806268217130294,0.0011333707242682436,4.856855815437349e-6,0.9341058080819404,0.886796327301996
2.192,-0.07802569794674458,1.1880783190955106,0.0011333749201226416,-1.4336079734712406e-6,0.9287703779223654,0.878796327301996
2.2,-0.07562350856695077,1.1954871649665417,0.0011333563831724353,-2.405204279323905e-6,0.9234367207252457,0.870796327301996
2.208,-0.07322255538452489,1.2028533429127446,0.0011333397334478432,-1.5397428521142045e-6,0.9181036758799603,0.862796327301996
2.216,-0.07082244312491852,1.2101768490063813,0.0011333308625335959,-4.132678279198601e-7,0.9127707180382133,0.854796327301996
2.224,-0.06842272223616372,1.2174576839096436,0.0011333287759292046,3.591902313360516e-7,0.9074376421909172,0.8467963273019959
2.232,-0.06602301572364903,1.2246958491312834,0.0011333312055486708,4.793922329451351e-7,0.9021043489247849,0.8387963273019959
2.24,-0.06362313815330706,1.2318913473828341,0.001133334081076673,2.48188281444443e-7,0.8967709385234003,0.8307963273019959
2.248,-0.06122310457383563,1.2390441798762362,0.0011333355969092322,-3.7701777362675004e-8,0.8914375098933507,0.8227963273019959
2.256,-0.05882298401500467,1.246154346879748,0.0011333353553912135,-2.0357998378007493e-7,0.8861041212672778,0.8147963273019964
2.264,-0.05642286135976601,1.2532218479004618,0.0011333340943251407,-2.1896927641737046e-7,0.880770782804186,0.8067963273019962
2.272,-0.054022771377174726,1.2602466822090204,0.0011333328992837045,-1.897292525364417e-7,0.8754374592175409,0.7987963273019962
2.28,-0.0516227543152494,1.2672288494707658,0.00113333227046385,-1.2415267386837055e-7,0.8701041477430808,0.7907963273019961
2.288,-0.049222764270791156,1.2741683500164032,0.001133331719956719,-2.4877960595810807e-8,0.8647708475013312,0.7827963273019961
2.296,-0.04682283496899639,1.281065183454605,0.001133331831800384,7.626199710921665e-8,0.8594375478813223,0.774796327301996
2.304,-0.04442289392281882,1.2879193501279176,0.0011333320910365643,1.3573048608672156e-7,0.8541042343708248,0.766796327301996
2.312,-0.04202294515440111,1.29473084989683,0.0011333327071276346,1.2871422290573806e-7,0.8487708986987409,0.758796327301996
2.32,-0.03962298048407871,1.301499683016451,0.0011333332970531688,9.909108797780793e-8,0.8434375554910314,0.7507963273019959
2.328,-0.03722298627361886,1.3082258495700751,0.0011333337356406485,4.2886029810007526e-8,0.8381042034226798,0.7427963273019959
2.336,-0.034822974156614915,1.3149093495800632,0.0011333339896315623,-1.5480510185387935e-8,0.8327708506338334,0.7347963273019957
2.344,-0.03242295262700539,1.3215501830953051,0.00113333398588507,-5.0839695746194525e-8,0.8274375055141049,0.7267963273019957
2.352,-0.030022923552996933,1.3281483500712166,0.0011333337911796093,-7.011037725861732e-8,0.8221041657572106,0.7187963273019955
2.36,-0.02762289779905494,1.3347038503684048,0.0011333336145822963,-8.656555451204533e-8,0.8167708269388175,0.7107963273019955
2.368,-0.02522287903206255,1.3412166840027837,0.0011333334322531333,-9.050509874745403e-8,0.8114374922923019,0.7027963273019955
2.376,-0.02282287331411888,1.3476868509385862,0.0011333332978591,-7.987389349927289e-8,0.8061041625027026,0.6947963273019955
2.384,-0.020422881142739338,1.3541143511636138,0.0011333332295779294,-5.657403787981058e-8,0.8007708369359867,0.6867963273019952
2.392,-0.018022878506107818,1.3604991847694938,0.0011333330892741888,-3.993727446998863e-8,0.7954375091482402,0.6787963273019952
2.4,-0.015622880769600755,1.3668413516810483,0.0011333329899483704,-2.1292524780378692e-8,0.7901041820298226,0.6707963273019952
2.408,-0.013222888533398014,1.3731408518856454,0.001133332950432971,-2.468878838274421e-9,0.7847708549710372,0.6627963273019952
2.416,-0.010822902397679465,1.379397685370654,0.0011333329895604866,1.4704573329030487e-8,0.7794375273621876,0.6547963273019952
2.424,-0.00842291243287074,1.385611852200847,0.0011333330117402423,2.8081796916274943e-8,0.7741041984879283,0.646796327301995
2.432,-0.0060229207246772,1.3917833523526728,0.0011333330519474214,3.5878416094170376e-8,0.7687708677534677,0.638796327301995
2.44,-0.003622927681370298,1.3979121858149106,0.0011333331269291196,3.625956440878898e-8,0.7634375345471834,0.630796327301995
2.448,-0.0012229324134633843,1.4039983525858797,0.0011333332393301456,2.7351312987134663e-8,0.7581041982444329,0.622796327301995
2.456,0.0011770633643814943,1.410041852686101,0.0011333333579069621,1.667041310432669e-8,0.7527708613507994,0.6147963273019951
2.464,0.0035770580261296216,1.4160426861353401,0.0011333334525693575,1.1414021992144372e-8,0.7474375262653356,0.6067963273019951
2.472,0.005977053553933097,1.4220008529226007,0.0011333335401812316,5.768008758168037e-9,0.7421041910499978,0.5987963273019951
2.48,0.008377050149416181,1.4279163530520658,0.0011333336144360925,3.3890797510218886e-10,0.7367708559069641,0.590796327301995
2.488,0.010777048014203152,1.4337891865279198,0.001133333669027449,-4.266745784348657e-9,0.7314375210384128,0.582796327301995
2.496,0.013177047349918269,1.4396193533543458,0.0011333336976488086,-7.442417947480006e-9,0.7261041866465218,0.574796327301995
2.504,0.015577048358185804,1.4454068535355273,0.0011333336939936792,-8.581573941587351e-9,0.7207708529334697,0.566796327301995
2.512,0.017977051240630027,1.451151687075648,0.00113333365175557,-7.077679193966176e-9,0.7154375201014344,0.558796327301995
2.52,0.0203770561988752,1.4568538539788916,0.0011333335646279885,-2.3241991319119853e-9,0.710104188352594,0.550796327301995
2.528,0.022777058614046507,1.462513354171831,0.0011333335428420858,-3.1133090469887313e-9,0.704770854756224,0.5427963273019951
2.536,0.02517706044661316,1.4681301876869672,0.0011333335375705367,-5.409187748304613e-9,0.6994375206575977,0.5347963273019951
2.544,0.02757706252541389,1.4737043545385826,0.0011333335273436683,-7.382396794147615e-9,0.694104186666528,0.5267963273019951
2.552,0.02997706478337179,1.479235854726534,0.0011333335123509564,-8.95029849152551e-9,0.6887708528105607,0.5187963273019951
2.56,0.03237706715340994,1.4847246882506793,0.0011333334927818757,-1.0030255147446062e-8,0.6834375191172418,0.5107963273019951
2.568,0.03477706956845143,1.4901708551108759,0.0011333334688259007,-1.0539629068917045e-8,0.6781041856141171,0.5027963273019951
2.576,0.037177071961419374,1.495574355306981,0.0011333334406725068,-1.0395782562946229e-8,0.6727708523287327,0.494796327301995
2.584,0.03957707426523683,1.500935188838852,0.0011333334085111692,-9.516077936541381e-9,0.6674375192886343,0.486796327301995
2.592,0.04197707640774762,1.5062533557052873,0.0011333333743088288,-8.065909778849943e-9,0.6621041864386903,0.47879632730199506
2.6,0.044377078283522976,1.511528855898144,0.001133333351676056,-7.83545477452417e-9,0.6567708531821754,0.47079632730199505
2.608,0.0467770798534828,1.5167616894231195,0.0011333333310049474,-7.374923636273376e-9,0.6514375200023524,0.46279632730199505
2.616,0.04917708104897797,1.5219518562797436,0.0011333333130351592,-6.678452452013748e-9,0.6461041869011762,0.45479632730199504
2.624,0.051577081801359406,1.5270993564675455,0.0011333332985063486,-5.74017730966148e-9,0.6407708538806013,0.44679632730199503
2.632,0.05397708204197801,1.5322041899860543,0.0011333332881581718,-4.554234297132762e-9,0.6354375209425822,0.438796327301995
2.64,0.05637708170218466,1.5372663568348008,0.001133333282730286,-3.114759502343785e-9,0.630104188089074,0.430796327301995
2.648,0.058777080713330265,1.5422858570133136,0.0011333332829623476,-1.41588901321074e-9,0.6247708553220307,0.422796327301995
2.656,0.061177079006765736,1.5472626905211218,0.0011333332895940135,5.48241082350183e-10,0.6194375226434075,0.414796327301995
2.664,0.0635770775343214,1.5521968573635454,0.001133333294203816,2.414738787631019e-9,0.61410418993224,0.4067963273019951
2.672,0.06597707711693804,1.5570883575451597,0.00113333328954532,3.868009816262073e-9,0.6087708570833305,0.3987963273019951
2.68,0.06837707665440845,1.5619371910596422,0.0011333332856187624,5.286677300234554e-9,0.6034375242228864,0.3907963273019951
2.688,0.07077707616484522,1.5667433579070151,0.0011333332823849156,6.645253332858926e-9,0.5981041913424118,0.3827963273019951
2.696,0.07317707566636096,1.5715068580872997,0.001133333279804554,7.91825000744566e-9,0.5927708584334107,0.3747963273019951
2.704,0.07557707517706821,1.5762276916005178,0.0011333332778384496,9.08017941730522e-9,0.5874375254873871,0.3667963273019951
2.712,0.07797707471507963,1.5809058584466913,0.0011333332764473759,1.0105553655748074e-8,0.5821041924958453,0.35879632730199507
2.72,0.08037707429850778,1.5855413586258416,0.0011333332755921065,1.0968884816084693e-8,0.576770859450289,0.35079632730199506
2.728,0.08277707394546524,1.5901341921379903,0.001133333275233414,1.1644684991625536e-8,0.5714375263422226,0.34279632730199505
2.736,0.08517707367406464,1.5946843589831596,0.0011333332753320719,1.2107466275681077e-8,0.5661041931631496,0.33479632730199504
2.744,0.08757707350241858,1.599191859161371,0.0011333332758488531,1.2331740761561781e-8,0.5607708599045745,0.32679632730199504
2.752,0.08997707344863948,1.6036566926726459,0.0011333332767445312,1.2292020542578123e-8,0.5554375265580014,0.3187963273019955
2.76,0.09237707353084024,1.6080788595170066,0.0011333332779798787,1.1962817712040572e-8,0.5501041931149339,0.31079632730199547
2.768,0.09477707376713329,1.6124583596944744,0.0011333332795156693,1.1318644363259585e-8,0.5447708595668762,0.30279632730199546
2.776,0.09717707417563122,1.616795193205071,0.001133333281312676,1.0334012589545634e-8,0.5394375259053323,0.29479632730199545
2.784,0.09957707477444667,1.6210893600488185,0.0011333332833316722,8.983434484209181e-9,0.5341041921218065,0.28679632730199545
2.792,0.10197707558169221,1.6253408602257386,0.0011333332855334305,7.241422140560698e-9,0.5287708582078025,0.27879632730199544
2.8,0.10437707654957372,1.6295496937358123,0.0011333332879021384,5.192857973461714e-9,0.5234375241916145,0.27079632730199554
2.808,0.10677707640266382,1.633715860578268,0.001133333290858112,4.978476042301165e-9,0.5181041907868205,0.26279632730199554
2.816,0.10917707625399552,1.6378393607537993,0.0011333332939731434,4.7391841080703416e-9,0.5127708573737233,0.25479632730199553
2.824,0.11157707610465567,1.6419201942624175,0.001133333297214054,4.478006316665427e-9,0.5074375239533307,0.24679632730199555
2.832,0.11397707595573113,1.6459583611041333,0.0011333333005476647,4.1979668139826064e-9,0.5021041905266509,0.23879632730199557
2.84,0.11637707580830883,1.6499538612789588,0.0011333333039407992,3.902089745918062e-9,0.49677085709469193,0.23079632730199554
2.848,0.11877707566347558,1.6539066947869039,0.0011333333073602772,3.5933992583679793e-9,0.49143752365846183,0.22279632730199553
2.856,0.12117707552231831,1.6578168616279814,0.001133333310772922,3.2749194972285437e-9,0.4861041902189686,0.21479632730199552
2.864,0.12357707538592388,1.6616843618022017,0.0011333333141455542,2.9496746083959383e-9,0.48077085677722037,0.20679632730199551
2.872,0.12597707525537916,1.6655091953095762,0.001133333317444996,2.6206887377663457e-9,0.4754375233342251,0.1987963273019955
2.88,0.12837707513177102,1.6692913621501166,0.0011333333206380689,2.2909860312359527e-9,0.4701041898909909,0.1907963273019955
2.888,0.1307770750161864,1.673030862323834,0.001133333323691595,1.963590634700941e-9,0.4647708564485258,0.1827963273019955
2.896,0.1331770749097121,1.676727695830739,0.0011333333265723953,1.6415266940574977e-9,0.45943752300783786,0.17479632730199549
2.904,0.13557707481343503,1.6803818626708436,0.0011333333292472922,1.3278183552018047e-9,0.4541041895699351,0.16679632730199548
2.912,0.13797707472844206,1.6839933628441592,0.0011333333316831075,1.0254897640300464e-9,0.4487708561358255,0.15879632730199547
2.92,0.14037707465582006,1.6875621963506966,0.0011333333338466626,7.37565066438408e-10,0.4434375227065173,0.15079632730199546
2.928,0.14277707459665592,1.691088363190467,0.001133333335704779,4.670684083230725e-10,0.4381041892830184,0.14279632730199546
2.936,0.14517707455203654,1.694571863363482,0.0011333333372242787,2.1702393558022485e-10,0.43277085586633696,0.13479632730199545
2.944,0.1475770744727944,1.6980126968703364,0.0011333333398023102,-1.0892314255617305e-10,0.4274375224243545,0.12679632730199528
2.952,0.14997707437459787,1.7014108637108718,0.001133333342990677,-4.789132386180131e-10,0.42210418896769114,0.11879632730199527
2.96,0.15237707428076117,1.7047663638848425,0.0011333333461235775,-8.459676347476587e-10,0.4167708555120064,0.11079632730199526
2.968,0.15477707419166523,1.7080791973922662,0.0011333333491879204,-1.2084578562880208e-9,0.41143752205784306,0.10279632730199526
2.976,0.15717707410769133,1.7113493642331636,0.0011333333521706156,-1.5647554285820106e-9,0.4061041886057438,0.09479632730199525
2.984,0.15957707402922044,1.714576864407554,0.0011333333550585718,-1.9132318769725393e-9,0.40077085515625177,0.08679632730199521
2.992,0.16197707395663385,1.7177616979154566,0.001133333357838698,-2.252258726802518e-9,0.3954375217099095,0.07879632730199523
3,0.16437707389031242,1.7209038647568913,0.001133333360497904,-2.580207503414857e-9,0.3901041882672599,0.07079632730199523
3.008,0.16677707383063747,1.7240033649318767,0.0011333333630230977,-2.895449732152468e-9,0.38477085482884593,0.06279632730199522
3.016,0.16917707377798996,1.7270601984404337,0.0011333333654011896,-3.1963569383582623e-9,0.37943752139521014,0.05479632730199521
3.024,0.1715770737327511,1.7300743652825805,0.0011333333676190882,-3.4813006473751505e-9,0.3741041879668956,0.046796327301995205
3.032,0.17397707369530196,1.7330458654583367,0.0011333333696637025,-3.748652384546044e-9,0.3687708545444451,0.0387963273019952
3.04,0.17637707366602365,1.7359746989677225,0.001133333371521942,-3.996783675213853e-9,0.3634375211284013,0.030796327301995195
3.048,0.17877707364529724,1.7388608658107572,0.0011333333731807155,-4.224066044721489e-9,0.35810418771930724,0.022796327301995187
3.056,0.1811770736335039,1.7417043659874596,0.0011333333746269322,-4.428871018411864e-9,0.35277085431770555,0.014796327301995182
3.064,0.1835770736310247,1.7445051994978498,0.0011333333758475014,-4.609570121627888e-9,0.3474375209241393,0.006796327301995202
3.0707963272520318,0.18561597181212994,1.7468511019101483,0.0011333333766973804,-4.742927884280969e-9,0.3429066360449989,4.9963454704035784e-11
3.0707963272520318,0.18561597181212994,1.7468511019101483,0.0011333333766973804,-4.742927884280969e-9,0.3429066360449989,4.9963454704035784e-11
3.072,0.18591488953570995,1.747263366337416,0.0011333333710527632,-4.628092476230108e-9,0.34210418758463174,4.9963454704035784e-11
3.08,0.18551011751238447,1.7499788665366511,0.0011333333410040215,-2.6841029628517492e-9,0.3367708548992955,4.9963454704035784e-11
3.088,0.18268449687506652,1.7526517000583897,0.001133333327991599,-7.12652196918451e-10,0.33143752222311196,4.9963454704035784e-11
3.096,0.1787715204445563,1.755281866905518,0.0011333333268348377,2.476786581306446e-10,0.32610418920988893,4.9963454704035784e-11
3.104,0.1743697476531017,1.7578693670832295,0.001133333329831367,4.087666818805983e-10,0.3207708559302513,4.9963454704035784e-11
3.112,0.16974800883411817,1.7604142005944303,0.0011333333325420601,2.474292326810822e-10,0.31543752254313845,4.9963454704035784e-11
3.12,0.1650291832753384,1.7629163674400035,0.0011333333337495812,7.089601086863196e-11,0.3101041891509604,4.9963454704035784e-11
3.128,0.16026553123160814,1.7653758676196154,0.0011333333338692504,-1.4404706407849672e-11,0.3047708557891933,4.9963454704035784e-11
3.136,0.1554813621107516,1.7677927011327834,0.001133333333639157,-3.028616391672475e-11,0.29943752245056604,4.9963454704035784e-11
3.144,0.150688010259363,1.7701668679791989,0.001133333333453621,-2.3878373398720714e-11,0.2941041891193687,4.9963454704035784e-11
3.152,0.14589119641346648,1.7724983681588782,0.0011333333333648826,-1.4104475933972698e-11,0.28877085578929335,4.9963454704035784e-11
3.16,0.1410926143820765,1.7747872016719042,0.0011333333333200047,-4.8576690867976515e-12,0.28343752245904236,4.9963454704035784e-11
3.168,0.13629325583633917,1.7770333685182733,0.0011333333333022626,7.336538034517667e-13,0.27810418912757284,4.9963454704035784e-11
3.176,0.13149360224588116,1.7792368686979725,0.0011333333333035684,2.6787529347682737e-12,0.27277085579488786,4.9963454704035784e-11
3.184,0.12669377698353693,1.7813977022109895,0.001133333333316453,2.257286030841847e-12,0.2674375224614141,4.9963454704035784e-11
3.192,0.1218938229205503,1.7835158690573338,0.001133333333331169,8.689403355695771e-13,0.2621041891276182,4.9963454704035784e-11
3.2,0.11709379338068919,1.785591369237022,0.0011333333333384372,-2.558562337008656e-13,0.2567708557939099,4.9963454704035784e-11
3.208,0.11229374241146928,1.7876242027500457,0.0011333333333408047,-1.0467110548994943e-12,0.25143752246031303,4.9963454704035784e-11
3.216,0.10749372145756711,1.7896143695964006,0.001133333333338924,-1.2423946104042127e-12,0.24610418912691454,4.9963454704035784e-11
3.224,0.10269370292007045,1.7915618697760898,0.001133333333334581,-1.1304989182365895e-12,0.24077085579361845,4.9963454704035784e-11
3.232,0.09789367018998871,1.7934667032891132,0.0011333333333304221,-1.0280100023044886e-12,0.23543752246031927,4.9963454704035784e-11
3.24,0.09309364156493177,1.79532887013547,0.001133333333327121,-8.566436503397237e-13,0.23010418912704306,4.9963454704035784e-11
3.248,0.08829362097206378,1.7971483703151612,0.0011333333333261627,-7.008415927328148e-13,0.22477085579376166,4.9963454704035784e-11
3.256,0.08349361168419021,1.7989252038281844,0.0011333333333254714,-4.727704361066669e-13,0.21943752246050457,4.9963454704035784e-11
3.264,0.07869361722451759,1.8006593706745395,0.0011333333333243354,-1.505208422616583e-13,0.21410418912727866,4.9963454704035784e-11
3.272,0.07389364159023687,1.8023508708542264,0.0011333333333246208,1.6302935299592205e-13,0.20877085579404983,4.9963454704035784e-11
3.28,0.06909368851285673,1.803999704367244,0.0011333333333267482,4.3494924859877094e-13,0.20343752246080712,4.9963454704035784e-11
3.288,0.06429372058732463,1.8056058712135963,0.0011333333333278402,7.129870124346519e-13,0.19810418912756636,4.9963454704035784e-11
3.296,0.05949374870895341,1.807169371393282,0.0011333333333288925,9.501617349551417e-13,0.1927708557943121,4.9963454704035784e-11
3.304,0.054693772400585865,1.808690204906301,0.0011333333333299882,1.1217967597067176e-12,0.18743752246103593,4.9963454704035784e-11
3.312,0.04989378876585216,1.8101683717526538,0.001133333333331017,1.207960110513466e-12,0.18210418912773133,4.9963454704035784e-11
3.32,0.045093794908382466,1.8116038719323402,0.0011333333333318678,1.1887198111994727e-12,0.17677085579439156,4.9963454704035784e-11
3.328,0.040293787931806956,1.8129967054453602,0.0011333333333324303,1.0441438855888243e-12,0.17143752246101007,4.9963454704035784e-11
3.336,0.03549376493975579,1.8143468722917142,0.0011333333333325936,7.543003575056068e-13,0.16610418912758007,4.9963454704035784e-11
3.344,0.030693748559939504,1.8156543724714012,0.0011333333333329036,5.07298555610112e-13,0.1607708557941643,4.9963454704035784e-11
3.352,0.025893750766392977,1.8169192059844204,0.0011333333333336333,4.044119807948258e-13,0.15543752246079667,4.9963454704035784e-11
3.36,0.021093752933662478,1.8181413728307725,0.0011333333333342656,2.975042689887243e-13,0.1501041891274277,4.9963454704035784e-11
3.368,0.016293755373691127,1.8193208730104586,0.0011333333333347739,1.9279371473971278e-13,0.14477085579405946,4.9963454704035784e-11
3.376,0.011493758398422059,1.8204577065234775,0.0011333333333351295,9.649861259569643e-14,0.13943752246069402,4.9963454704035784e-11
3.384,0.006693762319798402,1.82155187336983,0.0011333333333353045,1.483725710458084e-14,0.13410418912733346,4.9963454704035784e-11
3.392,0.0018937674497632824,1.8226033735495153,0.0011333333333352709,-4.5972057185728687e-14,0.12877085579397984,4.9963454704035784e-11
3.4,-0.0029062265625400745,1.823612207062534,0.001133333333335053,-8.579764649278282e-14,0.12343752246063311,4.9963454704035784e-11
3.408,-0.007706225192201997,1.8245783739088863,0.0011333333333350833,-1.5156459703733073e-13,0.11810418912727785,4.9963454704035784e-11
3.416,-0.012506224305583916,1.8255018740885718,0.0011333333333350295,-2.0195929027197152e-13,0.11277085579392772,4.9963454704035784e-11
3.424,-0.017306223899267986,1.8263827076015906,0.0011333333333348886,-2.335966753208599e-13,0.10743752246058384,4.9963454704035784e-11
3.432,-0.02210622396983636,1.827220874447943,0.0011333333333346566,-2.430917013081507e-13,0.10210418912724734,4.9963454704035784e-11
3.44,-0.02690622451387119,1.8280163746276286,0.0011333333333343302,-2.2705931735799857e-13,0.09677085579391934,4.9963454704035784e-11
3.448,-0.03170622552795464,1.8287692081406473,0.0011333333333339054,-1.8211447259455828e-13,0.09143752246060098,4.9963454704035784e-11
3.456,-0.03650622700866885,1.8294793749869995,0.0011333333333333792,-1.0487211614198463e-13,0.0861041891272934,4.9963454704035784e-11
3.464,-0.041306227816030126,1.830146875166685,0.0011333333333331292,-6.347841959405506e-14,0.08077085579397379,4.9963454704035784e-11
3.472,-0.04610622829405139,1.8307717086797037,0.0011333333333330474,-4.2042267754849886e-14,0.07543752246064761,4.9963454704035784e-11
3.48,-0.05090622884816612,1.8313538755260557,0.0011333333333329995,-1.6279265500746645e-14,0.07010418912732284,4.9963454704035784e-11
3.488,-0.055706229475294494,1.831893375705741,0.0011333333333329863,1.3671033936901246e-14,0.0647708557939996,4.9963454704035784e-11
3.496,-0.06050283859992084,1.832390211172791,0.0011333314402239172,-3.1198198875940242e-6,0.05943762285983822,4.9963454704035784e-11
3.504,-0.06505048156800618,1.8328450446211986,0.0011327591226836947,-1.6720177156714659e-4,0.054140579292182675,4.9963454704035784e-11
3.512,-0.06919804160951086,1.8332598003824516,0.0011304063270393765,-4.238045941630538e-4,0.04898882177230963,4.9963454704035784e-11
3.52,-0.07296199893046078,1.8336361962324745,0.0011260688973635513,-6.515068188459555e-4,0.04407001292220107,4.9963454704035784e-11
3.528,-0.07635955053686691,1.8339759513982243,0.001120140582445959,-8.202059059490823e-4,0.03943783980369733,4.9963454704035784e-11
3.536,-0.07941016131039273,1.8342810124493565,0.0011131000357753995,-9.307950999963892e-4,0.03512214088760046,4.9963454704035784e-11
3.544,-0.08213549770277995,1.8345535461155582,0.0011053756562467987,-9.92581183487181e-4,0.031137314245096533,4.9963454704035784e-11
3.552,-0.08455875661223708,1.834795872024474,0.0010973160173148486,-0.0010167082757491068,0.027486036038727915,4.9963454704035784e-11
3.56,-0.08670384348162548,1.8350103807109726,0.0010891842422355409,-0.0010123745829424245,0.02416292455859585,4.9963454704035784e-11
3.568,-0.08859463043416595,1.8351994594036203,0.0010811761410347493,-9.869080973754674e-4,0.021156942239976276,4.9963454704035784e-11
3.576,-0.09025447990620837,1.8353654443526208,0.0010734347886402174,-9.463344607933186e-4,0.01845288066975798,4.9963454704035784e-11
3.584,-0.09170583879607179,1.8355105802450296,0.0010660613348383776,-8.955059066975729e-4,0.016032873587583894,4.9963454704035784e-11
3.592,-0.09297003570841944,1.8356369999451723,0.0010591213125242405,-8.381076129140889e-4,0.01387734214505934,4.9963454704035784e-11
3.6,-0.09406692878504479,1.835746689254707,0.001052657388001267,-7.77150935026354e-4,0.011966292328270171,4.9963454704035784e-11
3.608,-0.09501508934245273,1.8358415053103014,0.0010466879997592295,-7.147918243197788e-4,0.01027920681553207,4.9963454704035784e-11
3.616,-0.09583157512445306,1.8359231538893377,0.0010412171320470867,-6.527060825972788e-4,0.008796009382797638,4.9963454704035784e-11
3.624,-0.09653196475296595,1.8359931928505309,0.0010362378925413156,-5.9221885374244e-4,0.007497328852748213,4.9963454704035784e-11
3.632,-0.09713046424746007,1.8360530427999995,0.0010317331343916846,-5.342229281000781e-4,0.00636455198184553,4.9963454704035784e-11
3.64,-0.09763987162095876,1.836103983538122,0.0010276802879711968,-4.7934687965266583e-4,0.005380247166733456,4.9963454704035784e-11
3.648,-0.09807167092818486,1.8361471634696245,0.0010240528239612008,-4.279818634294187e-4,0.004528209722432978,4.9963454704035784e-11
3.656,-0.09843612859850534,1.8361836092375956,0.0010208215559540366,-3.8033450696196207e-4,0.0037934500537231803,4.9963454704035784e-11
3.664,-0.09874236961662076,1.8362142333399252,0.0010179562995674884,-3.364950961631811e-4,0.003162238671894263,4.9963454704035784e-11
3.672,-0.09899847360547853,1.8362398437390282,0.001015426542683545,-2.964504164549065e-4,0.0026220684710462415,4.9963454704035784e-11
3.68,-0.09921156427433894,1.8362611528061137,0.001013202354675815,-2.601192107944236e-4,0.002161627009513779,4.9963454704035784e-11
3.688,-0.09938789922228404,1.836278786301157,0.0010112545826749888,-2.2734931040595938e-4,0.0017707252226447602,4.9963454704035784e-11
3.696,-0.09953294909766065,1.8362932912890813,0.001009555435043887,-1.979447321581225e-4,0.001440247081653535,4.9963454704035784e-11
3.704,-0.09965146990622413,1.8363051433705695,0.0010080785829392554,-1.7168462726007246e-4,0.0011620630873882727,4.9963454704035784e-11
3.712,-0.09974758661847366,1.8363147550426946,0.0010067995758374618,-1.4833686470735511e-4,9.289712100297773e-4,4.9963454704035784e-11
3.72,-0.09982486481502274,1.836322482863468,0.00100569594845636,-1.2766654693103976e-4,7.34623501528761e-4,4.9963454704035784e-11
3.728,-0.09988638233090041,1.836328634616144,0.001004747267252424,-1.0943004422138023e-4,5.734641249445147e-4,4.9963454704035784e-11
3.736,-0.09993481566137609,1.8363334779499512,0.0010039357536675067,-9.342217976968461e-5,4.406495021760108e-4,4.9963454704035784e-11
3.744,-0.09997238375653493,1.8363372347600158,0.001003243944760348,-7.941916590210802e-5,3.318975691769823e-4,4.9963454704035784e-11
3.752,-0.10000101084148846,1.836340097468979,0.0010026565514032438,-6.722774328758992e-5,2.4347707615027809e-4,4.9963454704035784e-11
3.76,-0.10002238649210861,1.8363422350345109,0.0010021605642706421,-5.668947280283683e-5,1.7214988330743544e-4,4.9963454704035784e-11
3.768,-0.10003780406187968,1.8363437767917137,0.0010017432311758634,-4.7579567332187115e-5,1.1521673406029088e-4,4.9963454704035784e-11
3.776,-0.1000485037800373,1.8363448467637407,0.0010013939976035895,-3.975632208588879e-5,7.02099931453648e-5,4.9963454704035784e-11
3.784,-0.10005546422646999,1.8363455428086464,0.0010011032247752097,-3.306537690793836e-5,3.507135818297091e-5,4.9963454704035784e-11
3.792,-0.10005941808334078,1.8363459381945886,0.001000862260445529,-2.7354145054603775e-5,8.125362189963928e-6,4.9963454704035784e-11
3.8,-0.10006111981943214,1.8363461083685328,0.0010006635612398915,-2.249306757980242e-5,-1.2216579983615084e-5,4.9963454704035784e-11
3.808,-0.10006105658238318,1.8363461020452385,0.0010005007698447098,-1.837179951145089e-5,-2.7130158285695717e-5,4.9963454704035784e-11
3.816,-0.10005967850121382,1.8363459642375766,0.0010003682865420273,-1.4891295002766703e-5,-3.767297033622056e-5,4.9963454704035784e-11
3.824,-0.10005738672806212,1.836345735060707,0.001000261247311127,-1.1965391378308468e-5,-4.477528499729553e-5,4.9963454704035784e-11
3.832,-0.10005440305447175,1.836345436693842,0.0010001755623852886,-9.513008031869247e-6,-4.907923181002021e-5,4.9963454704035784e-11
3.84,-0.1000510014922229,1.8363450965380868,0.001000107742744257,-7.476742258080244e-6,-5.124158371832532e-5,4.9963454704035784e-11
3.848,-0.10004736161807133,1.8363447325511004,0.0010000547926142037,-5.79914722827367e-6,-5.1754942617757916e-5,4.9963454704035784e-11
3.856,-0.10004359405957107,1.836344355795664,0.0010000140879775979,-4.419624310047125e-6,-5.0987919105185716e-5,4.9963454704035784e-11
3.864,-0.10003984802800682,1.836343981192904,9.9998339876753e-4,-3.2977343842799363e-6,-4.932546025034873e-5,4.9963454704035784e-11
3.872,-0.1000361728441486,1.8363436136748872,9.999609520831036e-4,-2.392451707787325e-6,-4.699015774996253e-5,4.9963454704035784e-11
3.88,-0.10003263770747571,1.8363432601615803,9.99945092941717e-4,-1.6655858874965014e-6,-4.421423435388225e-5,4.9963454704035784e-11
3.888,-0.10002930453969401,1.83634292684518,9.999343604704537e-4,-1.082645962470442e-6,-4.120278329296442e-5,4.9963454704035784e-11
3.896,-0.10002616662129288,1.8363426130537113,9.999278892321162e-4,-6.257543827996338e-7,-3.80328971544205e-5,4.9963454704035784e-11
3.904,-0.10002326146638241,1.8363423225386055,9.99924584042153e-4,-2.6873578647967213e-7,-3.48492669846203e-5,4.9963454704035784e-11
3.912,-0.10002059374600053,1.8363420557669674,9.999237009236622e-4,6.1249041693040044e-9,-3.172695224971547e-5,4.9963454704035784e-11
3.92,-0.10001815113960402,1.8363418115067376,9.99924724385707e-4,2.1175502408081286e-7,-2.869925236697651e-5,4.9963454704035784e-11
3.928,-0.10001593901968635,1.8363415902951543,9.999270871062567e-4,3.590452228053021e-7,-2.582849628392165e-5,4.9963454704035784e-11
3.936,-0.10001393926351539,1.8363413903199524,9.99930438580736e-4,4.608895049615037e-7,-2.3122437873217553e-5,4.9963454704035784e-11
3.944,-0.10001214286737611,1.8363412106807528,9.999344493311878e-4,5.260214445789666e-7,-2.060050615643768e-5,4.9963454704035784e-11
3.952,-0.10001054025388952,1.83634105041981,9.99938849377278e-4,5.622771905986385e-7,-1.827531224332366e-5,4.9963454704035784e-11
3.96,-0.10000911038770387,1.836340907433594,9.999434898736626e-4,5.758723172027091e-7,-1.6135675141266173e-5,4.9963454704035784e-11
3.968,-0.10000784543264239,1.836340780938487,9.99948169822375e-4,5.74465064052624e-7,-1.4188239000679728e-5,4.9963454704035784e-11
3.976,-0.10000673085316279,1.8363406694809348,9.99952782516357e-4,5.622621387340513e-7,-1.2425362191426133e-5,4.9963454704035784e-11
3.984,-0.10000575009509949,1.836340571405521,9.999572750006632e-4,5.40861030457115e-7,-1.0833800184566996e-5,4.9963454704035784e-11
3.992,-0.10000489509989528,1.8363404859063959,9.999615386494058e-4,5.142387571164946e-7,-9.413977369999223e-6,4.9963454704035784e-11
4,-0.10000414949313693,1.8363404113461148,9.999655743871774e-4,4.836900237039136e-7,-8.145849202793757e-6,4.9963454704035784e-11
4,-0.10000414949313693,1.8363404113461148,9.999655743871774e-4,4.836900237039136e-7,-8.145849202793757e-6,4.9963454704035784e-11
